{
    "timestamp": "2025-04-07T18:50:06.170013",
    "class_names": [
        "A+",
        "A-",
        "AB+",
        "AB-",
        "B+",
        "B-",
        "O+",
        "O-"
    ],
    "overall_metrics": {
        "accuracy": 0.9190082644628099,
        "precision": 0.922187881565621,
        "recall": 0.9190082644628099,
        "f1_score": 0.9185718532134239
    },
    "classification_report": {
        "A+": {
            "precision": 1.0,
            "recall": 0.9649122807017544,
            "f1-score": 0.9821428571428571,
            "support": 57.0
        },
        "A-": {
            "precision": 0.8867924528301887,
            "recall": 0.9306930693069307,
            "f1-score": 0.9082125603864735,
            "support": 101.0
        },
        "AB+": {
            "precision": 0.8717948717948718,
            "recall": 0.9577464788732394,
            "f1-score": 0.912751677852349,
            "support": 71.0
        },
        "AB-": {
            "precision": 0.9342105263157895,
            "recall": 0.922077922077922,
            "f1-score": 0.9281045751633987,
            "support": 77.0
        },
        "B+": {
            "precision": 0.9117647058823529,
            "recall": 0.9393939393939394,
            "f1-score": 0.9253731343283582,
            "support": 66.0
        },
        "B-": {
            "precision": 0.9,
            "recall": 0.96,
            "f1-score": 0.9290322580645162,
            "support": 75.0
        },
        "O+": {
            "precision": 0.9855072463768116,
            "recall": 0.7906976744186046,
            "f1-score": 0.8774193548387097,
            "support": 86.0
        },
        "O-": {
            "precision": 0.9041095890410958,
            "recall": 0.9166666666666666,
            "f1-score": 0.9103448275862069,
            "support": 72.0
        },
        "accuracy": 0.9190082644628099,
        "macro avg": {
            "precision": 0.9242724240301388,
            "recall": 0.9227735039298821,
            "f1-score": 0.9216726556703587,
            "support": 605.0
        },
        "weighted avg": {
            "precision": 0.922187881565621,
            "recall": 0.9190082644628099,
            "f1-score": 0.9185718532134239,
            "support": 605.0
        }
    },
    "confusion_matrix": [
        [
            55,
            0,
            2,
            0,
            0,
            0,
            0,
            0
        ],
        [
            0,
            94,
            1,
            1,
            0,
            4,
            1,
            0
        ],
        [
            0,
            0,
            68,
            0,
            3,
            0,
            0,
            0
        ],
        [
            0,
            1,
            0,
            71,
            2,
            3,
            0,
            0
        ],
        [
            0,
            1,
            1,
            1,
            62,
            1,
            0,
            0
        ],
        [
            0,
            1,
            0,
            1,
            1,
            72,
            0,
            0
        ],
        [
            0,
            7,
            3,
            1,
            0,
            0,
            68,
            7
        ],
        [
            0,
            2,
            3,
            1,
            0,
            0,
            0,
            66
        ]
    ]
}